2c7aee94936babf84b61b55420e503a0b2629ec1,13945277,0
2c7aee94936babf84b61b55420e503a0b2629ec1,12782194,0
2c7aee94936babf84b61b55420e503a0b2629ec1,13493374,0
2c7aee94936babf84b61b55420e503a0b2629ec1,13015836,0
2c7aee94936babf84b61b55420e503a0b2629ec1,13611964,0
2c7aee94936babf84b61b55420e503a0b2629ec1,12609526,0
2c7aee94936babf84b61b55420e503a0b2629ec1,12989713,0
2c7aee94936babf84b61b55420e503a0b2629ec1,12977628,0
2c7aee94936babf84b61b55420e503a0b2629ec1,13725184,0
2c7aee94936babf84b61b55420e503a0b2629ec1,12993375,0
84c33c0384aa4604ff7956f2fae6f83ea60ba96b,13809962,0
84c33c0384aa4604ff7956f2fae6f83ea60ba96b,13334316,0
84c33c0384aa4604ff7956f2fae6f83ea60ba96b,13491298,0
84c33c0384aa4604ff7956f2fae6f83ea60ba96b,13377590,0
84c33c0384aa4604ff7956f2fae6f83ea60ba96b,14110926,0
84c33c0384aa4604ff7956f2fae6f83ea60ba96b,14153162,0
84c33c0384aa4604ff7956f2fae6f83ea60ba96b,13841578,0
84c33c0384aa4604ff7956f2fae6f83ea60ba96b,13904933,0
84c33c0384aa4604ff7956f2fae6f83ea60ba96b,13134732,0
84c33c0384aa4604ff7956f2fae6f83ea60ba96b,12836210,0
a7304ea4a7daede9789a8fe422b714e372737120,13910243,0
a7304ea4a7daede9789a8fe422b714e372737120,13778956,0
a7304ea4a7daede9789a8fe422b714e372737120,13869837,0
a7304ea4a7daede9789a8fe422b714e372737120,13398952,0
a7304ea4a7daede9789a8fe422b714e372737120,14293970,0
a7304ea4a7daede9789a8fe422b714e372737120,13985011,0
a7304ea4a7daede9789a8fe422b714e372737120,13968653,0
a7304ea4a7daede9789a8fe422b714e372737120,14236841,0
a7304ea4a7daede9789a8fe422b714e372737120,14212366,0
a7304ea4a7daede9789a8fe422b714e372737120,13567592,0
1780bba74075da5e7764615bd323e95e19057dee,12767179,0
1780bba74075da5e7764615bd323e95e19057dee,13529689,0
1780bba74075da5e7764615bd323e95e19057dee,12757169,0
1780bba74075da5e7764615bd323e95e19057dee,12819547,0
1780bba74075da5e7764615bd323e95e19057dee,13134427,0
1780bba74075da5e7764615bd323e95e19057dee,13210049,0
1780bba74075da5e7764615bd323e95e19057dee,13625820,0
1780bba74075da5e7764615bd323e95e19057dee,13623623,0
1780bba74075da5e7764615bd323e95e19057dee,13624416,0
1780bba74075da5e7764615bd323e95e19057dee,13221707,0
7d73ff7a9d8eab6270f0b1ff7d10c0aa6f5ba53f,13686793,0
7d73ff7a9d8eab6270f0b1ff7d10c0aa6f5ba53f,13927638,0
7d73ff7a9d8eab6270f0b1ff7d10c0aa6f5ba53f,14185815,0
7d73ff7a9d8eab6270f0b1ff7d10c0aa6f5ba53f,13253384,0
7d73ff7a9d8eab6270f0b1ff7d10c0aa6f5ba53f,14392725,0
7d73ff7a9d8eab6270f0b1ff7d10c0aa6f5ba53f,14434289,0
7d73ff7a9d8eab6270f0b1ff7d10c0aa6f5ba53f,13540004,0
7d73ff7a9d8eab6270f0b1ff7d10c0aa6f5ba53f,14472559,0
7d73ff7a9d8eab6270f0b1ff7d10c0aa6f5ba53f,14217432,0
7d73ff7a9d8eab6270f0b1ff7d10c0aa6f5ba53f,14185388,0
999ce263718a52ba74245c3e2a416ab11494d1b1,13689418,0
999ce263718a52ba74245c3e2a416ab11494d1b1,13916651,0
999ce263718a52ba74245c3e2a416ab11494d1b1,13067899,0
999ce263718a52ba74245c3e2a416ab11494d1b1,12691985,0
999ce263718a52ba74245c3e2a416ab11494d1b1,13474819,0
999ce263718a52ba74245c3e2a416ab11494d1b1,13537135,0
999ce263718a52ba74245c3e2a416ab11494d1b1,13304226,0
999ce263718a52ba74245c3e2a416ab11494d1b1,13260342,0
999ce263718a52ba74245c3e2a416ab11494d1b1,12937589,0
999ce263718a52ba74245c3e2a416ab11494d1b1,13173001,0
4d7e7c9d94f7a5ad4931a5bbd6ed9d00173fa1ab,13609463,0
4d7e7c9d94f7a5ad4931a5bbd6ed9d00173fa1ab,13620143,0
4d7e7c9d94f7a5ad4931a5bbd6ed9d00173fa1ab,13312466,0
4d7e7c9d94f7a5ad4931a5bbd6ed9d00173fa1ab,13239468,0
4d7e7c9d94f7a5ad4931a5bbd6ed9d00173fa1ab,14329492,0
4d7e7c9d94f7a5ad4931a5bbd6ed9d00173fa1ab,13225552,0
4d7e7c9d94f7a5ad4931a5bbd6ed9d00173fa1ab,14500390,0
4d7e7c9d94f7a5ad4931a5bbd6ed9d00173fa1ab,14378198,0
4d7e7c9d94f7a5ad4931a5bbd6ed9d00173fa1ab,13600124,0
4d7e7c9d94f7a5ad4931a5bbd6ed9d00173fa1ab,13372585,0
cdae0df31e4c2dfb1e885941cd1998e5a2b6e39d,14079981,0
cdae0df31e4c2dfb1e885941cd1998e5a2b6e39d,14088099,0
cdae0df31e4c2dfb1e885941cd1998e5a2b6e39d,13068815,0
cdae0df31e4c2dfb1e885941cd1998e5a2b6e39d,13180325,0
cdae0df31e4c2dfb1e885941cd1998e5a2b6e39d,12791960,0
cdae0df31e4c2dfb1e885941cd1998e5a2b6e39d,13901148,0
cdae0df31e4c2dfb1e885941cd1998e5a2b6e39d,13961207,0
cdae0df31e4c2dfb1e885941cd1998e5a2b6e39d,13651882,0
cdae0df31e4c2dfb1e885941cd1998e5a2b6e39d,13110745,0
cdae0df31e4c2dfb1e885941cd1998e5a2b6e39d,13881068,0
a04b9dd0c7c74fabd8c393d2dc68a221276d6e29,13765529,0
a04b9dd0c7c74fabd8c393d2dc68a221276d6e29,12966459,0
a04b9dd0c7c74fabd8c393d2dc68a221276d6e29,13208951,0
a04b9dd0c7c74fabd8c393d2dc68a221276d6e29,13025602,0
a04b9dd0c7c74fabd8c393d2dc68a221276d6e29,13950282,0
a04b9dd0c7c74fabd8c393d2dc68a221276d6e29,13757716,0
a04b9dd0c7c74fabd8c393d2dc68a221276d6e29,13030240,0
a04b9dd0c7c74fabd8c393d2dc68a221276d6e29,12907987,0
a04b9dd0c7c74fabd8c393d2dc68a221276d6e29,13058987,0
a04b9dd0c7c74fabd8c393d2dc68a221276d6e29,13160977,0
4eae859ae8ad7072eaa74aeaee79a2c3c12c55cb,13576320,0
4eae859ae8ad7072eaa74aeaee79a2c3c12c55cb,13409146,0
4eae859ae8ad7072eaa74aeaee79a2c3c12c55cb,13165677,0
4eae859ae8ad7072eaa74aeaee79a2c3c12c55cb,13130582,0
4eae859ae8ad7072eaa74aeaee79a2c3c12c55cb,13641444,0
4eae859ae8ad7072eaa74aeaee79a2c3c12c55cb,12972928,0
4eae859ae8ad7072eaa74aeaee79a2c3c12c55cb,13357144,0
4eae859ae8ad7072eaa74aeaee79a2c3c12c55cb,13223050,0
4eae859ae8ad7072eaa74aeaee79a2c3c12c55cb,13434902,0
4eae859ae8ad7072eaa74aeaee79a2c3c12c55cb,13227628,0
a831bc185bdd44c06847eae8df2d35cc281f65da,13749416,0
a831bc185bdd44c06847eae8df2d35cc281f65da,13299160,0
a831bc185bdd44c06847eae8df2d35cc281f65da,13032986,0
a831bc185bdd44c06847eae8df2d35cc281f65da,12902738,0
a831bc185bdd44c06847eae8df2d35cc281f65da,13380520,0
a831bc185bdd44c06847eae8df2d35cc281f65da,12968594,0
a831bc185bdd44c06847eae8df2d35cc281f65da,13051053,0
a831bc185bdd44c06847eae8df2d35cc281f65da,13230984,0
a831bc185bdd44c06847eae8df2d35cc281f65da,12935697,0
a831bc185bdd44c06847eae8df2d35cc281f65da,13305996,0
6f5cdd4534faf7db4b6c123651d6a606bc59b98c,13985804,0
6f5cdd4534faf7db4b6c123651d6a606bc59b98c,13469692,0
6f5cdd4534faf7db4b6c123651d6a606bc59b98c,13089749,0
6f5cdd4534faf7db4b6c123651d6a606bc59b98c,13571499,0
6f5cdd4534faf7db4b6c123651d6a606bc59b98c,13194424,0
6f5cdd4534faf7db4b6c123651d6a606bc59b98c,13647670,0
6f5cdd4534faf7db4b6c123651d6a606bc59b98c,13570644,0
6f5cdd4534faf7db4b6c123651d6a606bc59b98c,13440395,0
6f5cdd4534faf7db4b6c123651d6a606bc59b98c,13872768,0
6f5cdd4534faf7db4b6c123651d6a606bc59b98c,13154873,0
713fdaa8b06a83f18b06811aba7b9bd7b7cbf1cb,13864772,0
713fdaa8b06a83f18b06811aba7b9bd7b7cbf1cb,13078580,0
713fdaa8b06a83f18b06811aba7b9bd7b7cbf1cb,12817045,0
713fdaa8b06a83f18b06811aba7b9bd7b7cbf1cb,13348110,0
713fdaa8b06a83f18b06811aba7b9bd7b7cbf1cb,13486294,0
713fdaa8b06a83f18b06811aba7b9bd7b7cbf1cb,13832728,0
713fdaa8b06a83f18b06811aba7b9bd7b7cbf1cb,13520229,0
713fdaa8b06a83f18b06811aba7b9bd7b7cbf1cb,12838346,0
713fdaa8b06a83f18b06811aba7b9bd7b7cbf1cb,12977995,0
713fdaa8b06a83f18b06811aba7b9bd7b7cbf1cb,13063565,0
f2e2b267cab8d7aa0b0a58c325546ee5070c0028,13074124,0
f2e2b267cab8d7aa0b0a58c325546ee5070c0028,14059900,0
f2e2b267cab8d7aa0b0a58c325546ee5070c0028,13144863,0
f2e2b267cab8d7aa0b0a58c325546ee5070c0028,13052945,0
f2e2b267cab8d7aa0b0a58c325546ee5070c0028,12946927,0
f2e2b267cab8d7aa0b0a58c325546ee5070c0028,14168970,0
f2e2b267cab8d7aa0b0a58c325546ee5070c0028,13442958,0
f2e2b267cab8d7aa0b0a58c325546ee5070c0028,14155970,0
f2e2b267cab8d7aa0b0a58c325546ee5070c0028,13173612,0
f2e2b267cab8d7aa0b0a58c325546ee5070c0028,14112207,0
f49d7413d9a0d480ded6d448c1ef7475ae6cd1c9,13796961,0
f49d7413d9a0d480ded6d448c1ef7475ae6cd1c9,13827601,0
f49d7413d9a0d480ded6d448c1ef7475ae6cd1c9,12840177,0
f49d7413d9a0d480ded6d448c1ef7475ae6cd1c9,13950159,0
f49d7413d9a0d480ded6d448c1ef7475ae6cd1c9,12970365,0
f49d7413d9a0d480ded6d448c1ef7475ae6cd1c9,13120999,0
f49d7413d9a0d480ded6d448c1ef7475ae6cd1c9,13033292,0
f49d7413d9a0d480ded6d448c1ef7475ae6cd1c9,14011256,0
f49d7413d9a0d480ded6d448c1ef7475ae6cd1c9,13141201,0
f49d7413d9a0d480ded6d448c1ef7475ae6cd1c9,13341152,0
51f038f8cbd5d8a95954c05bfcbbc32f2a313615,14322229,0
51f038f8cbd5d8a95954c05bfcbbc32f2a313615,13337063,0
51f038f8cbd5d8a95954c05bfcbbc32f2a313615,13115384,0
51f038f8cbd5d8a95954c05bfcbbc32f2a313615,12772184,0
51f038f8cbd5d8a95954c05bfcbbc32f2a313615,13062466,0
51f038f8cbd5d8a95954c05bfcbbc32f2a313615,13127652,0
51f038f8cbd5d8a95954c05bfcbbc32f2a313615,13879786,0
51f038f8cbd5d8a95954c05bfcbbc32f2a313615,13683742,0
51f038f8cbd5d8a95954c05bfcbbc32f2a313615,13410732,0
51f038f8cbd5d8a95954c05bfcbbc32f2a313615,12690947,0
150356207c8d6a3e0af465b676430d19d62f884c,13675197,0
150356207c8d6a3e0af465b676430d19d62f884c,13683680,0
150356207c8d6a3e0af465b676430d19d62f884c,13386013,0
150356207c8d6a3e0af465b676430d19d62f884c,13405972,0
150356207c8d6a3e0af465b676430d19d62f884c,13162014,0
150356207c8d6a3e0af465b676430d19d62f884c,13739528,0
150356207c8d6a3e0af465b676430d19d62f884c,13484707,0
150356207c8d6a3e0af465b676430d19d62f884c,14317102,0
150356207c8d6a3e0af465b676430d19d62f884c,13490139,0
150356207c8d6a3e0af465b676430d19d62f884c,13876307,0
0dfc67d37ebb038be8a9b17b536d1b561d52e81a,14120936,0
0dfc67d37ebb038be8a9b17b536d1b561d52e81a,13251309,0
0dfc67d37ebb038be8a9b17b536d1b561d52e81a,13244656,0
0dfc67d37ebb038be8a9b17b536d1b561d52e81a,13173001,0
0dfc67d37ebb038be8a9b17b536d1b561d52e81a,13264737,0
0dfc67d37ebb038be8a9b17b536d1b561d52e81a,13526576,0
0dfc67d37ebb038be8a9b17b536d1b561d52e81a,13246487,0
0dfc67d37ebb038be8a9b17b536d1b561d52e81a,13086758,0
0dfc67d37ebb038be8a9b17b536d1b561d52e81a,13873744,0
0dfc67d37ebb038be8a9b17b536d1b561d52e81a,13580349,0
75d91d6b39ea3e2fae8f027dcec01be2dca9594d,13145536,0
75d91d6b39ea3e2fae8f027dcec01be2dca9594d,12621123,0
75d91d6b39ea3e2fae8f027dcec01be2dca9594d,12756926,0
75d91d6b39ea3e2fae8f027dcec01be2dca9594d,12948392,0
75d91d6b39ea3e2fae8f027dcec01be2dca9594d,13915796,0
75d91d6b39ea3e2fae8f027dcec01be2dca9594d,13763392,0
75d91d6b39ea3e2fae8f027dcec01be2dca9594d,13447476,0
75d91d6b39ea3e2fae8f027dcec01be2dca9594d,13763698,0
75d91d6b39ea3e2fae8f027dcec01be2dca9594d,13038968,0
75d91d6b39ea3e2fae8f027dcec01be2dca9594d,12964688,0
ea92eae122a3ccefa61087f84fd99b417fc9ee3c,14015284,0
ea92eae122a3ccefa61087f84fd99b417fc9ee3c,13173550,0
ea92eae122a3ccefa61087f84fd99b417fc9ee3c,13499172,0
ea92eae122a3ccefa61087f84fd99b417fc9ee3c,14003626,0
ea92eae122a3ccefa61087f84fd99b417fc9ee3c,13714564,0
ea92eae122a3ccefa61087f84fd99b417fc9ee3c,14115443,0
ea92eae122a3ccefa61087f84fd99b417fc9ee3c,14055567,0
ea92eae122a3ccefa61087f84fd99b417fc9ee3c,14268762,0
ea92eae122a3ccefa61087f84fd99b417fc9ee3c,13563259,0
ea92eae122a3ccefa61087f84fd99b417fc9ee3c,13142178,0
4014e2479c7b0273f15bd0c9c017c5fe859b0d8f,13570217,0
4014e2479c7b0273f15bd0c9c017c5fe859b0d8f,14109827,0
4014e2479c7b0273f15bd0c9c017c5fe859b0d8f,13995814,0
4014e2479c7b0273f15bd0c9c017c5fe859b0d8f,13255764,0
4014e2479c7b0273f15bd0c9c017c5fe859b0d8f,14069666,0
4014e2479c7b0273f15bd0c9c017c5fe859b0d8f,13229702,0
4014e2479c7b0273f15bd0c9c017c5fe859b0d8f,14042506,0
4014e2479c7b0273f15bd0c9c017c5fe859b0d8f,14072413,0
4014e2479c7b0273f15bd0c9c017c5fe859b0d8f,12913297,0
4014e2479c7b0273f15bd0c9c017c5fe859b0d8f,13983424,0
ad2b57cb477b753293c25a01fc24c7f84ee523c2,13520656,0
ad2b57cb477b753293c25a01fc24c7f84ee523c2,12827665,0
ad2b57cb477b753293c25a01fc24c7f84ee523c2,12859464,0
ad2b57cb477b753293c25a01fc24c7f84ee523c2,13209927,0
ad2b57cb477b753293c25a01fc24c7f84ee523c2,13180630,0
ad2b57cb477b753293c25a01fc24c7f84ee523c2,13811183,0
ad2b57cb477b753293c25a01fc24c7f84ee523c2,13344814,0
ad2b57cb477b753293c25a01fc24c7f84ee523c2,12836087,0
ad2b57cb477b753293c25a01fc24c7f84ee523c2,14062708,0
ad2b57cb477b753293c25a01fc24c7f84ee523c2,12947476,0
c405264c031aceaf68dfd1546d6337afcebd48e5,13078580,0
c405264c031aceaf68dfd1546d6337afcebd48e5,13000577,0
c405264c031aceaf68dfd1546d6337afcebd48e5,12771025,0
c405264c031aceaf68dfd1546d6337afcebd48e5,12740018,0
c405264c031aceaf68dfd1546d6337afcebd48e5,13925685,0
c405264c031aceaf68dfd1546d6337afcebd48e5,13678004,0
c405264c031aceaf68dfd1546d6337afcebd48e5,13682033,0
c405264c031aceaf68dfd1546d6337afcebd48e5,13841335,0
c405264c031aceaf68dfd1546d6337afcebd48e5,14048365,0
c405264c031aceaf68dfd1546d6337afcebd48e5,13586513,0
2a9e91d796d091740489d951fa7780525e4275f1,13528652,0
2a9e91d796d091740489d951fa7780525e4275f1,13952540,0
2a9e91d796d091740489d951fa7780525e4275f1,13362637,0
2a9e91d796d091740489d951fa7780525e4275f1,13224087,0
2a9e91d796d091740489d951fa7780525e4275f1,12991971,0
2a9e91d796d091740489d951fa7780525e4275f1,13057706,0
2a9e91d796d091740489d951fa7780525e4275f1,13061978,0
2a9e91d796d091740489d951fa7780525e4275f1,13420193,0
2a9e91d796d091740489d951fa7780525e4275f1,13974756,0
2a9e91d796d091740489d951fa7780525e4275f1,13899927,0
2e28c7145747b3287283f13c9d2becd73a7c4a1f,13382168,0
2e28c7145747b3287283f13c9d2becd73a7c4a1f,13820277,0
2e28c7145747b3287283f13c9d2becd73a7c4a1f,13920497,0
2e28c7145747b3287283f13c9d2becd73a7c4a1f,13858058,0
2e28c7145747b3287283f13c9d2becd73a7c4a1f,13551662,0
2e28c7145747b3287283f13c9d2becd73a7c4a1f,13741236,0
2e28c7145747b3287283f13c9d2becd73a7c4a1f,13480190,0
2e28c7145747b3287283f13c9d2becd73a7c4a1f,13025418,0
2e28c7145747b3287283f13c9d2becd73a7c4a1f,13595058,0
2e28c7145747b3287283f13c9d2becd73a7c4a1f,13567714,0
75107217670a97b7b772833669d88c3c2f188e37,13570766,0
75107217670a97b7b772833669d88c3c2f188e37,13687099,0
75107217670a97b7b772833669d88c3c2f188e37,12713224,0
75107217670a97b7b772833669d88c3c2f188e37,13724940,0
75107217670a97b7b772833669d88c3c2f188e37,12751981,0
75107217670a97b7b772833669d88c3c2f188e37,13737087,0
75107217670a97b7b772833669d88c3c2f188e37,12703519,0
75107217670a97b7b772833669d88c3c2f188e37,13294522,0
75107217670a97b7b772833669d88c3c2f188e37,14089441,0
75107217670a97b7b772833669d88c3c2f188e37,13684963,0
52ff32433734d03befd85a5bf00fba77d6501455,14485192,0
52ff32433734d03befd85a5bf00fba77d6501455,13671718,0
52ff32433734d03befd85a5bf00fba77d6501455,14414025,0
52ff32433734d03befd85a5bf00fba77d6501455,13527981,0
52ff32433734d03befd85a5bf00fba77d6501455,14084559,0
52ff32433734d03befd85a5bf00fba77d6501455,14530969,0
52ff32433734d03befd85a5bf00fba77d6501455,13557277,0
52ff32433734d03befd85a5bf00fba77d6501455,13496609,0
52ff32433734d03befd85a5bf00fba77d6501455,13880274,0
52ff32433734d03befd85a5bf00fba77d6501455,13375332,0
2655c81b5e92278b0fd51f6537c1116f8349b02a,13392544,0
2655c81b5e92278b0fd51f6537c1116f8349b02a,13633266,0
2655c81b5e92278b0fd51f6537c1116f8349b02a,12982327,0
2655c81b5e92278b0fd51f6537c1116f8349b02a,13157071,0
2655c81b5e92278b0fd51f6537c1116f8349b02a,13593044,0
2655c81b5e92278b0fd51f6537c1116f8349b02a,13200589,0
2655c81b5e92278b0fd51f6537c1116f8349b02a,13519558,0
2655c81b5e92278b0fd51f6537c1116f8349b02a,13234647,0
2655c81b5e92278b0fd51f6537c1116f8349b02a,13052091,0
2655c81b5e92278b0fd51f6537c1116f8349b02a,12752897,0
35df4c2bc0500e60ba9d0d163d37a6d110d6841e,12806608,0
35df4c2bc0500e60ba9d0d163d37a6d110d6841e,13538418,0
35df4c2bc0500e60ba9d0d163d37a6d110d6841e,13092984,0
35df4c2bc0500e60ba9d0d163d37a6d110d6841e,13524013,0
35df4c2bc0500e60ba9d0d163d37a6d110d6841e,13045194,0
35df4c2bc0500e60ba9d0d163d37a6d110d6841e,13668483,0
35df4c2bc0500e60ba9d0d163d37a6d110d6841e,13466274,0
35df4c2bc0500e60ba9d0d163d37a6d110d6841e,12706267,0
35df4c2bc0500e60ba9d0d163d37a6d110d6841e,13461696,0
35df4c2bc0500e60ba9d0d163d37a6d110d6841e,13267239,0
6f412814a8019700248229ce972530159a0d9872,13141690,0
6f412814a8019700248229ce972530159a0d9872,12954191,0
6f412814a8019700248229ce972530159a0d9872,13841151,0
6f412814a8019700248229ce972530159a0d9872,13404445,0
6f412814a8019700248229ce972530159a0d9872,13076383,0
6f412814a8019700248229ce972530159a0d9872,14288598,0
6f412814a8019700248229ce972530159a0d9872,13465115,0
6f412814a8019700248229ce972530159a0d9872,13495510,0
6f412814a8019700248229ce972530159a0d9872,13416775,0
6f412814a8019700248229ce972530159a0d9872,14175318,0
5651d153031a7ee2581cdba9bff658031826cb50,14175989,0
5651d153031a7ee2581cdba9bff658031826cb50,13412014,0
5651d153031a7ee2581cdba9bff658031826cb50,13275234,0
5651d153031a7ee2581cdba9bff658031826cb50,13007413,0
5651d153031a7ee2581cdba9bff658031826cb50,13252712,0
5651d153031a7ee2581cdba9bff658031826cb50,13207668,0
5651d153031a7ee2581cdba9bff658031826cb50,14167444,0
5651d153031a7ee2581cdba9bff658031826cb50,13286160,0
5651d153031a7ee2581cdba9bff658031826cb50,13089444,0
5651d153031a7ee2581cdba9bff658031826cb50,13344204,0
63b246c90e7677c617faab1d3f6fc5c643b5e7cf,12875394,0
63b246c90e7677c617faab1d3f6fc5c643b5e7cf,14084132,0
63b246c90e7677c617faab1d3f6fc5c643b5e7cf,13101346,0
63b246c90e7677c617faab1d3f6fc5c643b5e7cf,13243557,0
63b246c90e7677c617faab1d3f6fc5c643b5e7cf,14002527,0
63b246c90e7677c617faab1d3f6fc5c643b5e7cf,13609401,0
63b246c90e7677c617faab1d3f6fc5c643b5e7cf,13885035,0
63b246c90e7677c617faab1d3f6fc5c643b5e7cf,12994412,0
63b246c90e7677c617faab1d3f6fc5c643b5e7cf,13476100,0
63b246c90e7677c617faab1d3f6fc5c643b5e7cf,14048731,0
a7313c01d9b8db71ffb61dc1dd7c4ea928824b4b,13108365,0
a7313c01d9b8db71ffb61dc1dd7c4ea928824b4b,13197232,0
a7313c01d9b8db71ffb61dc1dd7c4ea928824b4b,13477748,0
a7313c01d9b8db71ffb61dc1dd7c4ea928824b4b,13791103,0
a7313c01d9b8db71ffb61dc1dd7c4ea928824b4b,12934354,0
a7313c01d9b8db71ffb61dc1dd7c4ea928824b4b,14017359,0
a7313c01d9b8db71ffb61dc1dd7c4ea928824b4b,13403286,0
a7313c01d9b8db71ffb61dc1dd7c4ea928824b4b,13927454,0
a7313c01d9b8db71ffb61dc1dd7c4ea928824b4b,13774745,0
a7313c01d9b8db71ffb61dc1dd7c4ea928824b4b,13294888,0
00eb6073c088be9e7516dfc00a13ef520827b57c,13946436,0
00eb6073c088be9e7516dfc00a13ef520827b57c,12841520,0
00eb6073c088be9e7516dfc00a13ef520827b57c,14034632,0
00eb6073c088be9e7516dfc00a13ef520827b57c,12986112,0
00eb6073c088be9e7516dfc00a13ef520827b57c,13185513,0
00eb6073c088be9e7516dfc00a13ef520827b57c,13311001,0
00eb6073c088be9e7516dfc00a13ef520827b57c,13169095,0
00eb6073c088be9e7516dfc00a13ef520827b57c,13024747,0
00eb6073c088be9e7516dfc00a13ef520827b57c,14187402,0
00eb6073c088be9e7516dfc00a13ef520827b57c,13512050,0
0fc5a625d7cc4ad51fde9367de088b9ad3bd40f6,13626247,0
0fc5a625d7cc4ad51fde9367de088b9ad3bd40f6,13957484,0
0fc5a625d7cc4ad51fde9367de088b9ad3bd40f6,13837672,0
0fc5a625d7cc4ad51fde9367de088b9ad3bd40f6,13458034,0
0fc5a625d7cc4ad51fde9367de088b9ad3bd40f6,14191248,0
0fc5a625d7cc4ad51fde9367de088b9ad3bd40f6,13351406,0
0fc5a625d7cc4ad51fde9367de088b9ad3bd40f6,14023951,0
0fc5a625d7cc4ad51fde9367de088b9ad3bd40f6,13720973,0
0fc5a625d7cc4ad51fde9367de088b9ad3bd40f6,13964625,0
0fc5a625d7cc4ad51fde9367de088b9ad3bd40f6,13991968,0
38cb8ec9fd70d25fca6b473de44cf61586238552,13965357,0
38cb8ec9fd70d25fca6b473de44cf61586238552,13538784,0
38cb8ec9fd70d25fca6b473de44cf61586238552,13158231,0
38cb8ec9fd70d25fca6b473de44cf61586238552,13994715,0
38cb8ec9fd70d25fca6b473de44cf61586238552,13561610,0
38cb8ec9fd70d25fca6b473de44cf61586238552,14182214,0
38cb8ec9fd70d25fca6b473de44cf61586238552,13126493,0
38cb8ec9fd70d25fca6b473de44cf61586238552,13001676,0
38cb8ec9fd70d25fca6b473de44cf61586238552,13353237,0
38cb8ec9fd70d25fca6b473de44cf61586238552,13979212,0
672da29bb3a209a727ae46c0df948d7eea69f2e2,14148768,0
672da29bb3a209a727ae46c0df948d7eea69f2e2,12807035,0
672da29bb3a209a727ae46c0df948d7eea69f2e2,13193021,0
672da29bb3a209a727ae46c0df948d7eea69f2e2,13807337,0
672da29bb3a209a727ae46c0df948d7eea69f2e2,13560329,0
672da29bb3a209a727ae46c0df948d7eea69f2e2,13447109,0
672da29bb3a209a727ae46c0df948d7eea69f2e2,13904079,0
672da29bb3a209a727ae46c0df948d7eea69f2e2,12899747,0
672da29bb3a209a727ae46c0df948d7eea69f2e2,12850553,0
672da29bb3a209a727ae46c0df948d7eea69f2e2,13678432,0
1a8a1ad9a1e3179ce267baa551fb17b30624b4dd,13794582,0
1a8a1ad9a1e3179ce267baa551fb17b30624b4dd,13086454,0
1a8a1ad9a1e3179ce267baa551fb17b30624b4dd,13485256,0
1a8a1ad9a1e3179ce267baa551fb17b30624b4dd,13770350,0
1a8a1ad9a1e3179ce267baa551fb17b30624b4dd,13160184,0
1a8a1ad9a1e3179ce267baa551fb17b30624b4dd,13236722,0
1a8a1ad9a1e3179ce267baa551fb17b30624b4dd,13105741,0
1a8a1ad9a1e3179ce267baa551fb17b30624b4dd,13284329,0
1a8a1ad9a1e3179ce267baa551fb17b30624b4dd,12913907,0
1a8a1ad9a1e3179ce267baa551fb17b30624b4dd,13811671,0
94adc996e45cc5cad9352cc3271d3a1a2f5c4c22,14068751,0
94adc996e45cc5cad9352cc3271d3a1a2f5c4c22,13597316,0
94adc996e45cc5cad9352cc3271d3a1a2f5c4c22,14178126,0
94adc996e45cc5cad9352cc3271d3a1a2f5c4c22,13399380,0
94adc996e45cc5cad9352cc3271d3a1a2f5c4c22,14173487,0
94adc996e45cc5cad9352cc3271d3a1a2f5c4c22,14193933,0
94adc996e45cc5cad9352cc3271d3a1a2f5c4c22,13661952,0
94adc996e45cc5cad9352cc3271d3a1a2f5c4c22,13359219,0
94adc996e45cc5cad9352cc3271d3a1a2f5c4c22,13427395,0
94adc996e45cc5cad9352cc3271d3a1a2f5c4c22,13923365,0
f31c3a6647b5a5d056324a9c83e6b2c940ebec22,12933255,0
f31c3a6647b5a5d056324a9c83e6b2c940ebec22,13944544,0
f31c3a6647b5a5d056324a9c83e6b2c940ebec22,13793299,0
f31c3a6647b5a5d056324a9c83e6b2c940ebec22,13857508,0
f31c3a6647b5a5d056324a9c83e6b2c940ebec22,13713222,0
f31c3a6647b5a5d056324a9c83e6b2c940ebec22,13089810,0
f31c3a6647b5a5d056324a9c83e6b2c940ebec22,13951625,0
f31c3a6647b5a5d056324a9c83e6b2c940ebec22,13548366,0
f31c3a6647b5a5d056324a9c83e6b2c940ebec22,13443508,0
f31c3a6647b5a5d056324a9c83e6b2c940ebec22,13121183,0
e34dbd6a0ae7a560a5508d51fc0bd142c5a320dc,14460718,0
e34dbd6a0ae7a560a5508d51fc0bd142c5a320dc,13067105,0
e34dbd6a0ae7a560a5508d51fc0bd142c5a320dc,13449672,0
e34dbd6a0ae7a560a5508d51fc0bd142c5a320dc,13043302,0
e34dbd6a0ae7a560a5508d51fc0bd142c5a320dc,13683132,0
e34dbd6a0ae7a560a5508d51fc0bd142c5a320dc,13009489,0
e34dbd6a0ae7a560a5508d51fc0bd142c5a320dc,13398892,0
e34dbd6a0ae7a560a5508d51fc0bd142c5a320dc,12926664,0
e34dbd6a0ae7a560a5508d51fc0bd142c5a320dc,13954737,0
e34dbd6a0ae7a560a5508d51fc0bd142c5a320dc,13217800,0
16821252c504071f5c2012e415e59cbf5fb79820,13556789,0
16821252c504071f5c2012e415e59cbf5fb79820,13540004,0
16821252c504071f5c2012e415e59cbf5fb79820,13460781,0
16821252c504071f5c2012e415e59cbf5fb79820,14065210,0
16821252c504071f5c2012e415e59cbf5fb79820,12955167,0
16821252c504071f5c2012e415e59cbf5fb79820,14157495,0
16821252c504071f5c2012e415e59cbf5fb79820,13231656,0
16821252c504071f5c2012e415e59cbf5fb79820,13267666,0
16821252c504071f5c2012e415e59cbf5fb79820,13384609,0
16821252c504071f5c2012e415e59cbf5fb79820,13931605,0
cf54f70e14c218faf5019ffa2fa769ed73772ee8,14417077,0
cf54f70e14c218faf5019ffa2fa769ed73772ee8,14005885,0
cf54f70e14c218faf5019ffa2fa769ed73772ee8,13157681,0
cf54f70e14c218faf5019ffa2fa769ed73772ee8,13416042,0
cf54f70e14c218faf5019ffa2fa769ed73772ee8,13729457,0
cf54f70e14c218faf5019ffa2fa769ed73772ee8,13779628,0
cf54f70e14c218faf5019ffa2fa769ed73772ee8,13766444,0
cf54f70e14c218faf5019ffa2fa769ed73772ee8,13171841,0
cf54f70e14c218faf5019ffa2fa769ed73772ee8,13219632,0
cf54f70e14c218faf5019ffa2fa769ed73772ee8,12992581,0
94e17916689d38bc09bf35e602ed6f6276034b59,12779630,0
94e17916689d38bc09bf35e602ed6f6276034b59,13398159,0
94e17916689d38bc09bf35e602ed6f6276034b59,13390163,0
94e17916689d38bc09bf35e602ed6f6276034b59,13970606,0
94e17916689d38bc09bf35e602ed6f6276034b59,13940944,0
94e17916689d38bc09bf35e602ed6f6276034b59,13807277,0
94e17916689d38bc09bf35e602ed6f6276034b59,13025479,0
94e17916689d38bc09bf35e602ed6f6276034b59,13585414,0
94e17916689d38bc09bf35e602ed6f6276034b59,13309903,0
94e17916689d38bc09bf35e602ed6f6276034b59,12852628,0
6b50590725aeae8a2aed06faa3238cb9f8771c1b,13812586,0
6b50590725aeae8a2aed06faa3238cb9f8771c1b,13453395,0
6b50590725aeae8a2aed06faa3238cb9f8771c1b,13895716,0
6b50590725aeae8a2aed06faa3238cb9f8771c1b,12779142,0
6b50590725aeae8a2aed06faa3238cb9f8771c1b,12977445,0
6b50590725aeae8a2aed06faa3238cb9f8771c1b,12914578,0
6b50590725aeae8a2aed06faa3238cb9f8771c1b,13407376,0
6b50590725aeae8a2aed06faa3238cb9f8771c1b,12874113,0
6b50590725aeae8a2aed06faa3238cb9f8771c1b,12918791,0
6b50590725aeae8a2aed06faa3238cb9f8771c1b,12757840,0
f7a248f56e94310a080051c4a709c08514fa48b1,12745573,0
f7a248f56e94310a080051c4a709c08514fa48b1,12782194,0
f7a248f56e94310a080051c4a709c08514fa48b1,13914088,0
f7a248f56e94310a080051c4a709c08514fa48b1,13218472,0
f7a248f56e94310a080051c4a709c08514fa48b1,13077420,0
f7a248f56e94310a080051c4a709c08514fa48b1,14027979,0
f7a248f56e94310a080051c4a709c08514fa48b1,13623317,0
f7a248f56e94310a080051c4a709c08514fa48b1,13210233,0
f7a248f56e94310a080051c4a709c08514fa48b1,13273403,0
f7a248f56e94310a080051c4a709c08514fa48b1,13211636,0
260d5d36203955a7148ae1ab05d0931c942028d5,13474575,0
260d5d36203955a7148ae1ab05d0931c942028d5,13377285,0
260d5d36203955a7148ae1ab05d0931c942028d5,13293729,0
260d5d36203955a7148ae1ab05d0931c942028d5,13527920,0
260d5d36203955a7148ae1ab05d0931c942028d5,14046229,0
260d5d36203955a7148ae1ab05d0931c942028d5,13617641,0
260d5d36203955a7148ae1ab05d0931c942028d5,13176602,0
260d5d36203955a7148ae1ab05d0931c942028d5,14231531,0
260d5d36203955a7148ae1ab05d0931c942028d5,13894252,0
260d5d36203955a7148ae1ab05d0931c942028d5,14117396,0
bf6da9a573a780cd1a7fb1728ef55d09e58dad11,12880522,0
bf6da9a573a780cd1a7fb1728ef55d09e58dad11,13098172,0
bf6da9a573a780cd1a7fb1728ef55d09e58dad11,13851161,0
bf6da9a573a780cd1a7fb1728ef55d09e58dad11,13009000,0
bf6da9a573a780cd1a7fb1728ef55d09e58dad11,13839259,0
bf6da9a573a780cd1a7fb1728ef55d09e58dad11,13211758,0
bf6da9a573a780cd1a7fb1728ef55d09e58dad11,13521510,0
bf6da9a573a780cd1a7fb1728ef55d09e58dad11,12964689,0
bf6da9a573a780cd1a7fb1728ef55d09e58dad11,13841884,0
bf6da9a573a780cd1a7fb1728ef55d09e58dad11,13615626,0
f8c328eed1bf0a0168132025a52116b7735f894c,13521084,0
f8c328eed1bf0a0168132025a52116b7735f894c,13385159,0
f8c328eed1bf0a0168132025a52116b7735f894c,12879484,0
f8c328eed1bf0a0168132025a52116b7735f894c,13511013,0
f8c328eed1bf0a0168132025a52116b7735f894c,13647487,0
f8c328eed1bf0a0168132025a52116b7735f894c,13849696,0
f8c328eed1bf0a0168132025a52116b7735f894c,13148220,0
f8c328eed1bf0a0168132025a52116b7735f894c,12872525,0
f8c328eed1bf0a0168132025a52116b7735f894c,13390529,0
f8c328eed1bf0a0168132025a52116b7735f894c,13883876,0
03533906093529701ba91081907d8977991997de,13899806,0
03533906093529701ba91081907d8977991997de,13975794,0
03533906093529701ba91081907d8977991997de,12841031,0
03533906093529701ba91081907d8977991997de,13456997,0
03533906093529701ba91081907d8977991997de,13467312,0
03533906093529701ba91081907d8977991997de,13214810,0
03533906093529701ba91081907d8977991997de,12667021,0
03533906093529701ba91081907d8977991997de,13041776,0
03533906093529701ba91081907d8977991997de,13722194,0
03533906093529701ba91081907d8977991997de,13093533,0
4b319e05afef4eab2fbafb6223f25d128ec99fce,13795130,0
4b319e05afef4eab2fbafb6223f25d128ec99fce,13902857,0
4b319e05afef4eab2fbafb6223f25d128ec99fce,13292264,0
4b319e05afef4eab2fbafb6223f25d128ec99fce,14091578,0
4b319e05afef4eab2fbafb6223f25d128ec99fce,14339196,0
4b319e05afef4eab2fbafb6223f25d128ec99fce,13413784,0
4b319e05afef4eab2fbafb6223f25d128ec99fce,13654567,0
4b319e05afef4eab2fbafb6223f25d128ec99fce,13648525,0
4b319e05afef4eab2fbafb6223f25d128ec99fce,13797389,0
4b319e05afef4eab2fbafb6223f25d128ec99fce,13414211,0
5794cda064ce980450eaa5a4e2c71bd317168ce4,13379178,0
5794cda064ce980450eaa5a4e2c71bd317168ce4,13394986,0
5794cda064ce980450eaa5a4e2c71bd317168ce4,13183010,0
5794cda064ce980450eaa5a4e2c71bd317168ce4,13903651,0
5794cda064ce980450eaa5a4e2c71bd317168ce4,13278652,0
5794cda064ce980450eaa5a4e2c71bd317168ce4,13156826,0
5794cda064ce980450eaa5a4e2c71bd317168ce4,13189175,0
5794cda064ce980450eaa5a4e2c71bd317168ce4,13939418,0
5794cda064ce980450eaa5a4e2c71bd317168ce4,13286587,0
5794cda064ce980450eaa5a4e2c71bd317168ce4,12997342,0
22a35e64ce3d331b668f15f858a7bb3da3acc78e,13120877,0
22a35e64ce3d331b668f15f858a7bb3da3acc78e,13133694,0
22a35e64ce3d331b668f15f858a7bb3da3acc78e,12678008,0
22a35e64ce3d331b668f15f858a7bb3da3acc78e,13446071,0
22a35e64ce3d331b668f15f858a7bb3da3acc78e,13006498,0
22a35e64ce3d331b668f15f858a7bb3da3acc78e,13428921,0
22a35e64ce3d331b668f15f858a7bb3da3acc78e,12957120,0
22a35e64ce3d331b668f15f858a7bb3da3acc78e,12804105,0
22a35e64ce3d331b668f15f858a7bb3da3acc78e,13135403,0
22a35e64ce3d331b668f15f858a7bb3da3acc78e,13152860,0
03111595ee713e0f94fb4f4a19a15594d5149347,13143948,0
03111595ee713e0f94fb4f4a19a15594d5149347,13111661,0
03111595ee713e0f94fb4f4a19a15594d5149347,13982630,0
03111595ee713e0f94fb4f4a19a15594d5149347,13183438,0
03111595ee713e0f94fb4f4a19a15594d5149347,13417019,0
03111595ee713e0f94fb4f4a19a15594d5149347,13486294,0
03111595ee713e0f94fb4f4a19a15594d5149347,12827421,0
03111595ee713e0f94fb4f4a19a15594d5149347,12834684,0
03111595ee713e0f94fb4f4a19a15594d5149347,13936549,0
03111595ee713e0f94fb4f4a19a15594d5149347,13787685,0
d22f96921fd2f94d842f3cc2e5f729cb3cca5122,13382107,0
d22f96921fd2f94d842f3cc2e5f729cb3cca5122,13685817,0
d22f96921fd2f94d842f3cc2e5f729cb3cca5122,12870756,0
d22f96921fd2f94d842f3cc2e5f729cb3cca5122,12798430,0
d22f96921fd2f94d842f3cc2e5f729cb3cca5122,12895902,0
d22f96921fd2f94d842f3cc2e5f729cb3cca5122,13676723,0
d22f96921fd2f94d842f3cc2e5f729cb3cca5122,13110623,0
d22f96921fd2f94d842f3cc2e5f729cb3cca5122,13307827,0
d22f96921fd2f94d842f3cc2e5f729cb3cca5122,12931119,0
d22f96921fd2f94d842f3cc2e5f729cb3cca5122,13661098,0
40e573305535960574404d2eae848b248c95ea7e,13262539,0
40e573305535960574404d2eae848b248c95ea7e,13132657,0
40e573305535960574404d2eae848b248c95ea7e,13382778,0
40e573305535960574404d2eae848b248c95ea7e,13506252,0
40e573305535960574404d2eae848b248c95ea7e,13844874,0
40e573305535960574404d2eae848b248c95ea7e,14257044,0
40e573305535960574404d2eae848b248c95ea7e,13233670,0
40e573305535960574404d2eae848b248c95ea7e,13571255,0
40e573305535960574404d2eae848b248c95ea7e,14286829,0
40e573305535960574404d2eae848b248c95ea7e,14586633,0
4a0c4f92b820b84ace625a95305a9d56cb662f4e,13672633,0
4a0c4f92b820b84ace625a95305a9d56cb662f4e,13580165,0
4a0c4f92b820b84ace625a95305a9d56cb662f4e,13084744,0
4a0c4f92b820b84ace625a95305a9d56cb662f4e,13410854,0
4a0c4f92b820b84ace625a95305a9d56cb662f4e,13153775,0
4a0c4f92b820b84ace625a95305a9d56cb662f4e,13320279,0
4a0c4f92b820b84ace625a95305a9d56cb662f4e,13628932,0
4a0c4f92b820b84ace625a95305a9d56cb662f4e,14225916,0
4a0c4f92b820b84ace625a95305a9d56cb662f4e,14061915,0
4a0c4f92b820b84ace625a95305a9d56cb662f4e,13116361,0
3fcf547e926f6c0414b23459f7b43164f7e8c378,13060026,0
3fcf547e926f6c0414b23459f7b43164f7e8c378,13102200,0
3fcf547e926f6c0414b23459f7b43164f7e8c378,13027066,0
3fcf547e926f6c0414b23459f7b43164f7e8c378,13854091,0
3fcf547e926f6c0414b23459f7b43164f7e8c378,12970548,0
3fcf547e926f6c0414b23459f7b43164f7e8c378,13894007,0
3fcf547e926f6c0414b23459f7b43164f7e8c378,13945765,0
3fcf547e926f6c0414b23459f7b43164f7e8c378,13709071,0
3fcf547e926f6c0414b23459f7b43164f7e8c378,12930387,0
3fcf547e926f6c0414b23459f7b43164f7e8c378,12799222,0
3e9177fd206d20d6d8acc7d203c25a9ae0549229,13414700,0
3e9177fd206d20d6d8acc7d203c25a9ae0549229,13902308,0
3e9177fd206d20d6d8acc7d203c25a9ae0549229,13396450,0
3e9177fd206d20d6d8acc7d203c25a9ae0549229,13160489,0
3e9177fd206d20d6d8acc7d203c25a9ae0549229,13151944,0
3e9177fd206d20d6d8acc7d203c25a9ae0549229,13700099,0
3e9177fd206d20d6d8acc7d203c25a9ae0549229,13817225,0
3e9177fd206d20d6d8acc7d203c25a9ae0549229,13122891,0
3e9177fd206d20d6d8acc7d203c25a9ae0549229,13359890,0
3e9177fd206d20d6d8acc7d203c25a9ae0549229,13281765,0
ca529c3f41a4a19a59e2e252e6dd9255f130c634,13302151,0
ca529c3f41a4a19a59e2e252e6dd9255f130c634,13625392,0
ca529c3f41a4a19a59e2e252e6dd9255f130c634,14288050,0
ca529c3f41a4a19a59e2e252e6dd9255f130c634,13944850,0
ca529c3f41a4a19a59e2e252e6dd9255f130c634,13671901,0
ca529c3f41a4a19a59e2e252e6dd9255f130c634,13415371,0
ca529c3f41a4a19a59e2e252e6dd9255f130c634,13264981,0
ca529c3f41a4a19a59e2e252e6dd9255f130c634,14360071,0
ca529c3f41a4a19a59e2e252e6dd9255f130c634,13162747,0
ca529c3f41a4a19a59e2e252e6dd9255f130c634,14161646,0
df399c52554dfdf60259ca2cce97adbcfff39dc0,13845667,0
df399c52554dfdf60259ca2cce97adbcfff39dc0,14210535,0
df399c52554dfdf60259ca2cce97adbcfff39dc0,13368374,0
df399c52554dfdf60259ca2cce97adbcfff39dc0,13365994,0
df399c52554dfdf60259ca2cce97adbcfff39dc0,13424709,0
df399c52554dfdf60259ca2cce97adbcfff39dc0,13346950,0
df399c52554dfdf60259ca2cce97adbcfff39dc0,14178797,0
df399c52554dfdf60259ca2cce97adbcfff39dc0,13275662,0
df399c52554dfdf60259ca2cce97adbcfff39dc0,13035978,0
df399c52554dfdf60259ca2cce97adbcfff39dc0,14081080,0
51081efae4c52c226e96da95313916eba99f885f,13031949,0
51081efae4c52c226e96da95313916eba99f885f,13069546,0
51081efae4c52c226e96da95313916eba99f885f,13937159,0
51081efae4c52c226e96da95313916eba99f885f,13443813,0
51081efae4c52c226e96da95313916eba99f885f,12718412,0
51081efae4c52c226e96da95313916eba99f885f,13499599,0
51081efae4c52c226e96da95313916eba99f885f,13785731,0
51081efae4c52c226e96da95313916eba99f885f,13629299,0
51081efae4c52c226e96da95313916eba99f885f,12800626,0
51081efae4c52c226e96da95313916eba99f885f,14100672,0
7ff1b0ac53866877bdfd79acf5fee0269058c58b,13025418,0
7ff1b0ac53866877bdfd79acf5fee0269058c58b,13022306,0
7ff1b0ac53866877bdfd79acf5fee0269058c58b,12764982,0
7ff1b0ac53866877bdfd79acf5fee0269058c58b,13927759,0
7ff1b0ac53866877bdfd79acf5fee0269058c58b,12781340,0
7ff1b0ac53866877bdfd79acf5fee0269058c58b,13992151,0
7ff1b0ac53866877bdfd79acf5fee0269058c58b,13932704,0
7ff1b0ac53866877bdfd79acf5fee0269058c58b,13266751,0
7ff1b0ac53866877bdfd79acf5fee0269058c58b,13528347,0
7ff1b0ac53866877bdfd79acf5fee0269058c58b,13361355,0
3c16105936320e4095dbe84fa9a33a4a6d46a597,13857936,0
3c16105936320e4095dbe84fa9a33a4a6d46a597,13812404,0
3c16105936320e4095dbe84fa9a33a4a6d46a597,13845424,0
3c16105936320e4095dbe84fa9a33a4a6d46a597,14250818,0
3c16105936320e4095dbe84fa9a33a4a6d46a597,14336451,0
3c16105936320e4095dbe84fa9a33a4a6d46a597,13501125,0
3c16105936320e4095dbe84fa9a33a4a6d46a597,13546779,0
3c16105936320e4095dbe84fa9a33a4a6d46a597,14141871,0
3c16105936320e4095dbe84fa9a33a4a6d46a597,13199062,0
3c16105936320e4095dbe84fa9a33a4a6d46a597,13043301,0
b797c44c42ea54fe1c52722a2fca0c9618575598,13438991,0
b797c44c42ea54fe1c52722a2fca0c9618575598,13716517,0
b797c44c42ea54fe1c52722a2fca0c9618575598,13256130,0
b797c44c42ea54fe1c52722a2fca0c9618575598,14105250,0
b797c44c42ea54fe1c52722a2fca0c9618575598,13072904,0
b797c44c42ea54fe1c52722a2fca0c9618575598,14055445,0
b797c44c42ea54fe1c52722a2fca0c9618575598,13140286,0
b797c44c42ea54fe1c52722a2fca0c9618575598,13176113,0
b797c44c42ea54fe1c52722a2fca0c9618575598,12961392,0
b797c44c42ea54fe1c52722a2fca0c9618575598,12927213,0
78868b6ed63fa4c89f73e3dfed27abfb8b0d46db,13136014,0
78868b6ed63fa4c89f73e3dfed27abfb8b0d46db,13237088,0
78868b6ed63fa4c89f73e3dfed27abfb8b0d46db,12937467,0
78868b6ed63fa4c89f73e3dfed27abfb8b0d46db,13128933,0
78868b6ed63fa4c89f73e3dfed27abfb8b0d46db,12740446,0
78868b6ed63fa4c89f73e3dfed27abfb8b0d46db,13184110,0
78868b6ed63fa4c89f73e3dfed27abfb8b0d46db,13859462,0
78868b6ed63fa4c89f73e3dfed27abfb8b0d46db,14089686,0
78868b6ed63fa4c89f73e3dfed27abfb8b0d46db,13734218,0
78868b6ed63fa4c89f73e3dfed27abfb8b0d46db,13096890,0
0d0b574cc45045d6150d397776340c068df59e2a,13753321,0
0d0b574cc45045d6150d397776340c068df59e2a,13392605,0
0d0b574cc45045d6150d397776340c068df59e2a,13543972,0
0d0b574cc45045d6150d397776340c068df59e2a,13500575,0
0d0b574cc45045d6150d397776340c068df59e2a,13278042,0
0d0b574cc45045d6150d397776340c068df59e2a,13025784,0
0d0b574cc45045d6150d397776340c068df59e2a,13061490,0
0d0b574cc45045d6150d397776340c068df59e2a,13133695,0
0d0b574cc45045d6150d397776340c068df59e2a,13063382,0
0d0b574cc45045d6150d397776340c068df59e2a,13325711,0
4e936f234056e5831013ed922145b666b04bb1e3,13811488,0
4e936f234056e5831013ed922145b666b04bb1e3,12969327,0
4e936f234056e5831013ed922145b666b04bb1e3,13112455,0
4e936f234056e5831013ed922145b666b04bb1e3,13339016,0
4e936f234056e5831013ed922145b666b04bb1e3,13986598,0
4e936f234056e5831013ed922145b666b04bb1e3,13267971,0
4e936f234056e5831013ed922145b666b04bb1e3,13141324,0
4e936f234056e5831013ed922145b666b04bb1e3,13299221,0
4e936f234056e5831013ed922145b666b04bb1e3,13353115,0
4e936f234056e5831013ed922145b666b04bb1e3,13702174,0
61feaf681bd793dc5c919732b44bca7dcf2ed1b8,13820094,0
61feaf681bd793dc5c919732b44bca7dcf2ed1b8,13834193,0
61feaf681bd793dc5c919732b44bca7dcf2ed1b8,13311123,0
61feaf681bd793dc5c919732b44bca7dcf2ed1b8,13293240,0
61feaf681bd793dc5c919732b44bca7dcf2ed1b8,13993128,0
61feaf681bd793dc5c919732b44bca7dcf2ed1b8,13121976,0
61feaf681bd793dc5c919732b44bca7dcf2ed1b8,13571499,0
61feaf681bd793dc5c919732b44bca7dcf2ed1b8,13412014,0
61feaf681bd793dc5c919732b44bca7dcf2ed1b8,13859522,0
61feaf681bd793dc5c919732b44bca7dcf2ed1b8,13486293,0
bee0c044d30a6ad3b3d94901c27e7519f6f46e27,13802272,0
bee0c044d30a6ad3b3d94901c27e7519f6f46e27,12856534,0
bee0c044d30a6ad3b3d94901c27e7519f6f46e27,13339260,0
bee0c044d30a6ad3b3d94901c27e7519f6f46e27,13946986,0
bee0c044d30a6ad3b3d94901c27e7519f6f46e27,13365689,0
bee0c044d30a6ad3b3d94901c27e7519f6f46e27,12797819,0
bee0c044d30a6ad3b3d94901c27e7519f6f46e27,13168606,0
bee0c044d30a6ad3b3d94901c27e7519f6f46e27,13313503,0
bee0c044d30a6ad3b3d94901c27e7519f6f46e27,14016138,0
bee0c044d30a6ad3b3d94901c27e7519f6f46e27,13350003,0
2cfa1ad0a9eb62b1847cf13f9aee290158978a3a,12940274,0
2cfa1ad0a9eb62b1847cf13f9aee290158978a3a,13213590,0
2cfa1ad0a9eb62b1847cf13f9aee290158978a3a,13751917,0
2cfa1ad0a9eb62b1847cf13f9aee290158978a3a,13139371,0
2cfa1ad0a9eb62b1847cf13f9aee290158978a3a,13825465,0
2cfa1ad0a9eb62b1847cf13f9aee290158978a3a,12901456,0
2cfa1ad0a9eb62b1847cf13f9aee290158978a3a,12944486,0
2cfa1ad0a9eb62b1847cf13f9aee290158978a3a,13338040,0
2cfa1ad0a9eb62b1847cf13f9aee290158978a3a,13186185,0
2cfa1ad0a9eb62b1847cf13f9aee290158978a3a,13811122,0
c15115f7ede492f20c91b08ba485f9426f60233f,12976773,0
c15115f7ede492f20c91b08ba485f9426f60233f,13864527,0
c15115f7ede492f20c91b08ba485f9426f60233f,13033597,0
c15115f7ede492f20c91b08ba485f9426f60233f,13148709,0
c15115f7ede492f20c91b08ba485f9426f60233f,13070523,0
c15115f7ede492f20c91b08ba485f9426f60233f,13970667,0
c15115f7ede492f20c91b08ba485f9426f60233f,13361049,0
c15115f7ede492f20c91b08ba485f9426f60233f,13863734,0
c15115f7ede492f20c91b08ba485f9426f60233f,13165677,0
c15115f7ede492f20c91b08ba485f9426f60233f,13142178,0
48ff3f06521ca326996ab9a04d1b342098960427,12796781,0
48ff3f06521ca326996ab9a04d1b342098960427,12987333,0
48ff3f06521ca326996ab9a04d1b342098960427,13121121,0
48ff3f06521ca326996ab9a04d1b342098960427,13291348,0
48ff3f06521ca326996ab9a04d1b342098960427,13612331,0
48ff3f06521ca326996ab9a04d1b342098960427,13912989,0
48ff3f06521ca326996ab9a04d1b342098960427,13963770,0
48ff3f06521ca326996ab9a04d1b342098960427,13926417,0
48ff3f06521ca326996ab9a04d1b342098960427,13992945,0
48ff3f06521ca326996ab9a04d1b342098960427,13825404,0
74702ee00ecfd080d8ab11118cd25dbe6c437ec0,13744289,0
74702ee00ecfd080d8ab11118cd25dbe6c437ec0,14502160,0
74702ee00ecfd080d8ab11118cd25dbe6c437ec0,13405423,0
74702ee00ecfd080d8ab11118cd25dbe6c437ec0,14390893,0
74702ee00ecfd080d8ab11118cd25dbe6c437ec0,13200405,0
74702ee00ecfd080d8ab11118cd25dbe6c437ec0,14041773,0
74702ee00ecfd080d8ab11118cd25dbe6c437ec0,14308191,0
74702ee00ecfd080d8ab11118cd25dbe6c437ec0,13655666,0
74702ee00ecfd080d8ab11118cd25dbe6c437ec0,14063319,0
74702ee00ecfd080d8ab11118cd25dbe6c437ec0,13280117,0
7ddf2273e0e4654582ee65db19d44431bfdb5791,13030301,0
7ddf2273e0e4654582ee65db19d44431bfdb5791,14000025,0
7ddf2273e0e4654582ee65db19d44431bfdb5791,12682768,0
7ddf2273e0e4654582ee65db19d44431bfdb5791,13483486,0
7ddf2273e0e4654582ee65db19d44431bfdb5791,13448024,0
7ddf2273e0e4654582ee65db19d44431bfdb5791,13127713,0
7ddf2273e0e4654582ee65db19d44431bfdb5791,13970240,0
7ddf2273e0e4654582ee65db19d44431bfdb5791,13440578,0
7ddf2273e0e4654582ee65db19d44431bfdb5791,13195401,0
7ddf2273e0e4654582ee65db19d44431bfdb5791,13428188,0
46ee0061629fb075d61d83839e14dd193337af59,12890837,0
46ee0061629fb075d61d83839e14dd193337af59,13988551,0
46ee0061629fb075d61d83839e14dd193337af59,13140835,0
46ee0061629fb075d61d83839e14dd193337af59,13321805,0
46ee0061629fb075d61d83839e14dd193337af59,13068936,0
46ee0061629fb075d61d83839e14dd193337af59,13136929,0
46ee0061629fb075d61d83839e14dd193337af59,12905119,0
46ee0061629fb075d61d83839e14dd193337af59,13512538,0
46ee0061629fb075d61d83839e14dd193337af59,13439662,0
46ee0061629fb075d61d83839e14dd193337af59,13544766,0
dad153091552b52a41b95ec4981c6951f1cae487,13379971,0
dad153091552b52a41b95ec4981c6951f1cae487,15574057,0
dad153091552b52a41b95ec4981c6951f1cae487,22881411,0
dad153091552b52a41b95ec4981c6951f1cae487,13977991,0
dad153091552b52a41b95ec4981c6951f1cae487,13587306,0
dad153091552b52a41b95ec4981c6951f1cae487,12895109,0
dad153091552b52a41b95ec4981c6951f1cae487,13424465,0
dad153091552b52a41b95ec4981c6951f1cae487,12987516,0
dad153091552b52a41b95ec4981c6951f1cae487,14028285,0
dad153091552b52a41b95ec4981c6951f1cae487,13431546,0
8940ecb96fe9f0f2a9cfb8b66fe9ed31ffbea904,12897062,0
8940ecb96fe9f0f2a9cfb8b66fe9ed31ffbea904,13136197,0
8940ecb96fe9f0f2a9cfb8b66fe9ed31ffbea904,13350186,0
8940ecb96fe9f0f2a9cfb8b66fe9ed31ffbea904,12820280,0
8940ecb96fe9f0f2a9cfb8b66fe9ed31ffbea904,13569179,0
8940ecb96fe9f0f2a9cfb8b66fe9ed31ffbea904,13323696,0
8940ecb96fe9f0f2a9cfb8b66fe9ed31ffbea904,13373195,0
8940ecb96fe9f0f2a9cfb8b66fe9ed31ffbea904,13009915,0
8940ecb96fe9f0f2a9cfb8b66fe9ed31ffbea904,13082486,0
8940ecb96fe9f0f2a9cfb8b66fe9ed31ffbea904,13765529,0
c3b9dad07d3fd9319f88386b7095019bcea45ce1,13289883,0
c3b9dad07d3fd9319f88386b7095019bcea45ce1,14168238,0
c3b9dad07d3fd9319f88386b7095019bcea45ce1,14405602,0
c3b9dad07d3fd9319f88386b7095019bcea45ce1,14344018,0
c3b9dad07d3fd9319f88386b7095019bcea45ce1,14443383,0
c3b9dad07d3fd9319f88386b7095019bcea45ce1,14475915,0
c3b9dad07d3fd9319f88386b7095019bcea45ce1,14354944,0
c3b9dad07d3fd9319f88386b7095019bcea45ce1,13241055,0
c3b9dad07d3fd9319f88386b7095019bcea45ce1,13413296,0
c3b9dad07d3fd9319f88386b7095019bcea45ce1,14275721,0
da4f275bd1c18b897e5c2dd0043546de3accce0a,13548244,0
da4f275bd1c18b897e5c2dd0043546de3accce0a,12970365,0
da4f275bd1c18b897e5c2dd0043546de3accce0a,12876126,0
da4f275bd1c18b897e5c2dd0043546de3accce0a,13001675,0
da4f275bd1c18b897e5c2dd0043546de3accce0a,13046902,0
da4f275bd1c18b897e5c2dd0043546de3accce0a,14141382,0
da4f275bd1c18b897e5c2dd0043546de3accce0a,14008998,0
da4f275bd1c18b897e5c2dd0043546de3accce0a,13584560,0
da4f275bd1c18b897e5c2dd0043546de3accce0a,13951258,0
da4f275bd1c18b897e5c2dd0043546de3accce0a,13586574,0
1c673c0aac7f7dee8dda2c1140351c8417a71e47,12814359,0
1c673c0aac7f7dee8dda2c1140351c8417a71e47,12999844,0
1c673c0aac7f7dee8dda2c1140351c8417a71e47,12921232,0
1c673c0aac7f7dee8dda2c1140351c8417a71e47,12921293,0
1c673c0aac7f7dee8dda2c1140351c8417a71e47,13885035,0
1c673c0aac7f7dee8dda2c1140351c8417a71e47,13004422,0
1c673c0aac7f7dee8dda2c1140351c8417a71e47,12904508,0
1c673c0aac7f7dee8dda2c1140351c8417a71e47,12948026,0
1c673c0aac7f7dee8dda2c1140351c8417a71e47,12932279,0
1c673c0aac7f7dee8dda2c1140351c8417a71e47,12799101,0
dc7b9f24b737e4e55bcbbdde6754883f991c2cfb,12954923,0
dc7b9f24b737e4e55bcbbdde6754883f991c2cfb,12974149,0
dc7b9f24b737e4e55bcbbdde6754883f991c2cfb,13952235,0
dc7b9f24b737e4e55bcbbdde6754883f991c2cfb,13152737,0
dc7b9f24b737e4e55bcbbdde6754883f991c2cfb,13000211,0
dc7b9f24b737e4e55bcbbdde6754883f991c2cfb,13141445,0
dc7b9f24b737e4e55bcbbdde6754883f991c2cfb,14063014,0
dc7b9f24b737e4e55bcbbdde6754883f991c2cfb,13358670,0
dc7b9f24b737e4e55bcbbdde6754883f991c2cfb,12917508,0
dc7b9f24b737e4e55bcbbdde6754883f991c2cfb,12673430,0
76cfd0a9bb33ae8e534b1f73f6359dc825589f2f,13061490,0
76cfd0a9bb33ae8e534b1f73f6359dc825589f2f,13114163,0
76cfd0a9bb33ae8e534b1f73f6359dc825589f2f,12791594,0
76cfd0a9bb33ae8e534b1f73f6359dc825589f2f,13800868,0
76cfd0a9bb33ae8e534b1f73f6359dc825589f2f,13842188,0
76cfd0a9bb33ae8e534b1f73f6359dc825589f2f,13014249,0
76cfd0a9bb33ae8e534b1f73f6359dc825589f2f,13928797,0
76cfd0a9bb33ae8e534b1f73f6359dc825589f2f,12977994,0
76cfd0a9bb33ae8e534b1f73f6359dc825589f2f,13084500,0
76cfd0a9bb33ae8e534b1f73f6359dc825589f2f,13409878,0
78355aebb7fb654302e5e33692ba109909dacaff,13371731,0
78355aebb7fb654302e5e33692ba109909dacaff,12880705,0
78355aebb7fb654302e5e33692ba109909dacaff,12967802,0
78355aebb7fb654302e5e33692ba109909dacaff,14152002,0
78355aebb7fb654302e5e33692ba109909dacaff,14100305,0
78355aebb7fb654302e5e33692ba109909dacaff,14134852,0
78355aebb7fb654302e5e33692ba109909dacaff,14038416,0
78355aebb7fb654302e5e33692ba109909dacaff,13064847,0
78355aebb7fb654302e5e33692ba109909dacaff,14052759,0
78355aebb7fb654302e5e33692ba109909dacaff,13757533,0
80ffa38f56657257ed4d90d76f6bd2f2bcb8163c,13503566,0
80ffa38f56657257ed4d90d76f6bd2f2bcb8163c,13276089,0
80ffa38f56657257ed4d90d76f6bd2f2bcb8163c,13572841,0
80ffa38f56657257ed4d90d76f6bd2f2bcb8163c,14236658,0
80ffa38f56657257ed4d90d76f6bd2f2bcb8163c,14326013,0
80ffa38f56657257ed4d90d76f6bd2f2bcb8163c,13058011,0
80ffa38f56657257ed4d90d76f6bd2f2bcb8163c,13649623,0
80ffa38f56657257ed4d90d76f6bd2f2bcb8163c,14146753,0
80ffa38f56657257ed4d90d76f6bd2f2bcb8163c,13435512,0
80ffa38f56657257ed4d90d76f6bd2f2bcb8163c,13033597,0
d3e0e679b2b8b428598bb8ba56a17715190814db,13297024,0
d3e0e679b2b8b428598bb8ba56a17715190814db,13279629,0
d3e0e679b2b8b428598bb8ba56a17715190814db,13575954,0
d3e0e679b2b8b428598bb8ba56a17715190814db,13451809,0
d3e0e679b2b8b428598bb8ba56a17715190814db,12962613,0
d3e0e679b2b8b428598bb8ba56a17715190814db,13806361,0
d3e0e679b2b8b428598bb8ba56a17715190814db,13256497,0
d3e0e679b2b8b428598bb8ba56a17715190814db,13076383,0
d3e0e679b2b8b428598bb8ba56a17715190814db,13824916,0
d3e0e679b2b8b428598bb8ba56a17715190814db,13194424,0
acdf21033abe347d9a279e9fe757f90ed16c1dbb,13065030,0
acdf21033abe347d9a279e9fe757f90ed16c1dbb,14118677,0
acdf21033abe347d9a279e9fe757f90ed16c1dbb,13842250,0
acdf21033abe347d9a279e9fe757f90ed16c1dbb,13037137,0
acdf21033abe347d9a279e9fe757f90ed16c1dbb,12990323,0
acdf21033abe347d9a279e9fe757f90ed16c1dbb,13254483,0
acdf21033abe347d9a279e9fe757f90ed16c1dbb,13308987,0
acdf21033abe347d9a279e9fe757f90ed16c1dbb,13741848,0
acdf21033abe347d9a279e9fe757f90ed16c1dbb,13154690,0
acdf21033abe347d9a279e9fe757f90ed16c1dbb,12997830,0
6cd7c8607843c337edfe2c472aa316602a393754,13755397,0
6cd7c8607843c337edfe2c472aa316602a393754,12885709,0
6cd7c8607843c337edfe2c472aa316602a393754,14004725,0
6cd7c8607843c337edfe2c472aa316602a393754,13148525,0
6cd7c8607843c337edfe2c472aa316602a393754,13052579,0
6cd7c8607843c337edfe2c472aa316602a393754,12891264,0
6cd7c8607843c337edfe2c472aa316602a393754,13635708,0
6cd7c8607843c337edfe2c472aa316602a393754,13890345,0
6cd7c8607843c337edfe2c472aa316602a393754,14101770,0
6cd7c8607843c337edfe2c472aa316602a393754,13035184,0
bf901dee5d4c46609645e50311c0cb2dfdcf9738,13032865,0
bf901dee5d4c46609645e50311c0cb2dfdcf9738,13251614,0
bf901dee5d4c46609645e50311c0cb2dfdcf9738,13784266,0
bf901dee5d4c46609645e50311c0cb2dfdcf9738,13971461,0
bf901dee5d4c46609645e50311c0cb2dfdcf9738,13925196,0
bf901dee5d4c46609645e50311c0cb2dfdcf9738,13159024,0
bf901dee5d4c46609645e50311c0cb2dfdcf9738,13106961,0
bf901dee5d4c46609645e50311c0cb2dfdcf9738,13968775,0
bf901dee5d4c46609645e50311c0cb2dfdcf9738,13017484,0
bf901dee5d4c46609645e50311c0cb2dfdcf9738,13124600,0
f7103c2c2a8fa51d1f308ba7387beeff20a0d4dd,13940456,0
f7103c2c2a8fa51d1f308ba7387beeff20a0d4dd,13814113,0
f7103c2c2a8fa51d1f308ba7387beeff20a0d4dd,13942408,0
f7103c2c2a8fa51d1f308ba7387beeff20a0d4dd,13537196,0
f7103c2c2a8fa51d1f308ba7387beeff20a0d4dd,14009364,0
f7103c2c2a8fa51d1f308ba7387beeff20a0d4dd,13371853,0
f7103c2c2a8fa51d1f308ba7387beeff20a0d4dd,13801601,0
f7103c2c2a8fa51d1f308ba7387beeff20a0d4dd,13926905,0
f7103c2c2a8fa51d1f308ba7387beeff20a0d4dd,13849940,0
f7103c2c2a8fa51d1f308ba7387beeff20a0d4dd,13799525,0
7c292dd0bf23cefcdf4b1509f3666322e08a7ede,12802335,0
7c292dd0bf23cefcdf4b1509f3666322e08a7ede,13500575,0
7c292dd0bf23cefcdf4b1509f3666322e08a7ede,14217615,0
7c292dd0bf23cefcdf4b1509f3666322e08a7ede,13195340,0
7c292dd0bf23cefcdf4b1509f3666322e08a7ede,13285000,0
7c292dd0bf23cefcdf4b1509f3666322e08a7ede,14174463,0
7c292dd0bf23cefcdf4b1509f3666322e08a7ede,14181177,0
7c292dd0bf23cefcdf4b1509f3666322e08a7ede,14296716,0
7c292dd0bf23cefcdf4b1509f3666322e08a7ede,12940763,0
7c292dd0bf23cefcdf4b1509f3666322e08a7ede,14254602,0
6408edac5529d6ec0abf52794074f229c8362303,13600673,0
6408edac5529d6ec0abf52794074f229c8362303,13842372,0
6408edac5529d6ec0abf52794074f229c8362303,14221216,0
6408edac5529d6ec0abf52794074f229c8362303,13808741,0
6408edac5529d6ec0abf52794074f229c8362303,13611660,0
6408edac5529d6ec0abf52794074f229c8362303,14134119,0
6408edac5529d6ec0abf52794074f229c8362303,13607143,0
6408edac5529d6ec0abf52794074f229c8362303,13069547,0
6408edac5529d6ec0abf52794074f229c8362303,13602687,0
6408edac5529d6ec0abf52794074f229c8362303,14181909,0
9231c39ffb518196d6664a86e5325e744621a21b,13538296,0
9231c39ffb518196d6664a86e5325e744621a21b,13597194,0
9231c39ffb518196d6664a86e5325e744621a21b,13221524,0
9231c39ffb518196d6664a86e5325e744621a21b,13007352,0
9231c39ffb518196d6664a86e5325e744621a21b,12872465,0
9231c39ffb518196d6664a86e5325e744621a21b,13022062,0
9231c39ffb518196d6664a86e5325e744621a21b,13504299,0
9231c39ffb518196d6664a86e5325e744621a21b,13943446,0
9231c39ffb518196d6664a86e5325e744621a21b,14060023,0
9231c39ffb518196d6664a86e5325e744621a21b,13604701,0
baecfa142644eb5f5c6dd6f8e2f531c362fa3747,13144741,0
baecfa142644eb5f5c6dd6f8e2f531c362fa3747,12971463,0
baecfa142644eb5f5c6dd6f8e2f531c362fa3747,13977381,0
baecfa142644eb5f5c6dd6f8e2f531c362fa3747,13841273,0
baecfa142644eb5f5c6dd6f8e2f531c362fa3747,13762660,0
baecfa142644eb5f5c6dd6f8e2f531c362fa3747,13536342,0
baecfa142644eb5f5c6dd6f8e2f531c362fa3747,13376126,0
baecfa142644eb5f5c6dd6f8e2f531c362fa3747,13122709,0
baecfa142644eb5f5c6dd6f8e2f531c362fa3747,13512722,0
baecfa142644eb5f5c6dd6f8e2f531c362fa3747,12759916,0
b3e53122f42796aaebd767bab920cf7bedf69966,13363796,0
b3e53122f42796aaebd767bab920cf7bedf69966,13188687,0
b3e53122f42796aaebd767bab920cf7bedf69966,13064969,0
b3e53122f42796aaebd767bab920cf7bedf69966,13881129,0
b3e53122f42796aaebd767bab920cf7bedf69966,13148282,0
b3e53122f42796aaebd767bab920cf7bedf69966,13682888,0
b3e53122f42796aaebd767bab920cf7bedf69966,12889433,0
b3e53122f42796aaebd767bab920cf7bedf69966,12859281,0
b3e53122f42796aaebd767bab920cf7bedf69966,13372586,0
b3e53122f42796aaebd767bab920cf7bedf69966,13509914,0
2d13d10357ecad243d7e4ff1de0e6b437c38a47a,12879666,0
2d13d10357ecad243d7e4ff1de0e6b437c38a47a,13066861,0
2d13d10357ecad243d7e4ff1de0e6b437c38a47a,13090298,0
2d13d10357ecad243d7e4ff1de0e6b437c38a47a,14058679,0
2d13d10357ecad243d7e4ff1de0e6b437c38a47a,12874479,0
2d13d10357ecad243d7e4ff1de0e6b437c38a47a,13111478,0
2d13d10357ecad243d7e4ff1de0e6b437c38a47a,13087979,0
2d13d10357ecad243d7e4ff1de0e6b437c38a47a,13211942,0
2d13d10357ecad243d7e4ff1de0e6b437c38a47a,12991544,0
2d13d10357ecad243d7e4ff1de0e6b437c38a47a,13876185,0
628d8d2c4fdf9e6a91c7bba7a743f400a94c2909,13356838,0
628d8d2c4fdf9e6a91c7bba7a743f400a94c2909,12966275,0
628d8d2c4fdf9e6a91c7bba7a743f400a94c2909,13951380,0
628d8d2c4fdf9e6a91c7bba7a743f400a94c2909,13307949,0
628d8d2c4fdf9e6a91c7bba7a743f400a94c2909,12921536,0
628d8d2c4fdf9e6a91c7bba7a743f400a94c2909,13002957,0
628d8d2c4fdf9e6a91c7bba7a743f400a94c2909,13092252,0
628d8d2c4fdf9e6a91c7bba7a743f400a94c2909,13551540,0
628d8d2c4fdf9e6a91c7bba7a743f400a94c2909,13366543,0
628d8d2c4fdf9e6a91c7bba7a743f400a94c2909,13183621,0
